timestamp;[Bieżąca często­tliwość sprę­żarki (EB101)][Hz][44701];
2026-02-23T23:51:41+00:00;30;
2026-02-24T01:24:15+00:00;0;
2026-02-24T04:27:18+00:00;0;
2026-02-24T04:29:17+00:00;0;
2026-02-24T04:29:18+00:00;40;
2026-02-24T07:08:01+00:00;29;
2026-02-24T07:30:25+00:00;0;
2026-02-24T08:16:02+00:00;0;
2026-02-24T08:16:03+00:00;28;
2026-02-24T09:40:41+00:00;0;
2026-02-24T11:21:35+00:00;28;
2026-02-24T11:21:36+00:00;40;
2026-02-24T12:11:58+00:00;0;
2026-02-24T12:13:56+00:00;0;
2026-02-24T12:13:57+00:00;40;
2026-02-24T15:14:56+00:00;0;
2026-02-24T15:16:54+00:00;0;
2026-02-24T15:16:55+00:00;40;
2026-02-24T15:21:35+00:00;26;
2026-02-24T17:41:15+00:00;26;
2026-02-24T17:41:16+00:00;29;
2026-02-24T17:59:22+00:00;33;
2026-02-24T18:02:27+00:00;36;
2026-02-24T18:07:28+00:00;41;
2026-02-24T18:08:23+00:00;42;
2026-02-24T18:13:23+00:00;47;
2026-02-24T18:15:23+00:00;49;
2026-02-24T18:18:49+00:00;0;
2026-02-24T18:24:37+00:00;0;
2026-02-24T18:24:38+00:00;46;
2026-02-24T18:26:08+00:00;46;
2026-02-24T18:26:09+00:00;64;
2026-02-24T18:33:59+00:00;67;
2026-02-24T18:47:19+00:00;62;
2026-02-24T18:49:36+00:00;64;
2026-02-24T18:53:40+00:00;68;
2026-02-24T18:55:34+00:00;70;
2026-02-24T18:56:41+00:00;71;
2026-02-24T18:59:35+00:00;74;
2026-02-24T19:01:41+00:00;76;
2026-02-24T19:06:41+00:00;81;
2026-02-24T19:31:36+00:00;79;
2026-02-24T19:35:36+00:00;75;
2026-02-24T19:36:41+00:00;74;
2026-02-24T19:40:36+00:00;70;
2026-02-24T19:42:36+00:00;68;
2026-02-24T19:45:36+00:00;65;
2026-02-24T19:48:05+00:00;63;
2026-02-24T19:49:58+00:00;61;
2026-02-24T19:53:57+00:00;57;
2026-02-24T19:54:58+00:00;56;
2026-02-24T19:57:58+00:00;53;
2026-02-24T20:01:58+00:00;49;
2026-02-24T20:04:03+00:00;47;
2026-02-24T20:05:58+00:00;45;
2026-02-24T20:07:57+00:00;43;
2026-02-24T20:12:04+00:00;39;
2026-02-24T20:12:59+00:00;38;
2026-02-24T20:14:59+00:00;36;
2026-02-24T20:19:59+00:00;31;
2026-02-24T21:21:50+00:00;31;
2026-02-24T21:21:51+00:00;50;
2026-02-24T21:24:27+00:00;0;
2026-02-24T21:30:36+00:00;0;
2026-02-24T21:30:37+00:00;32;
2026-02-25T00:21:13+00:00;32;
2026-02-25T00:21:14+00:00;40;
2026-02-25T02:20:05+00:00;0;
2026-02-25T02:22:29+00:00;0;
2026-02-25T02:22:30+00:00;40;
2026-02-25T02:26:15+00:00;31;
2026-02-25T04:46:13+00:00;25;
2026-02-25T04:48:48+00:00;0;
2026-02-25T04:54:37+00:00;0;
2026-02-25T04:54:38+00:00;35;
2026-02-25T05:34:09+00:00;39;
2026-02-25T06:04:36+00:00;41;
2026-02-25T06:12:27+00:00;0;
2026-02-25T06:18:06+00:00;0;
2026-02-25T06:18:07+00:00;41;
2026-02-25T07:03:04+00:00;45;
2026-02-25T07:12:04+00:00;0;
2026-02-25T08:45:42+00:00;0;
2026-02-25T08:45:43+00:00;39;
2026-02-25T09:43:36+00:00;35;
2026-02-25T10:08:47+00:00;33;
2026-02-25T10:38:53+00:00;31;
2026-02-25T10:46:59+00:00;0;
2026-02-25T10:53:09+00:00;0;
2026-02-25T10:53:10+00:00;31;
2026-02-25T11:57:42+00:00;28;
2026-02-25T12:52:39+00:00;0;
2026-02-25T15:12:53+00:00;0;
2026-02-25T15:12:54+00:00;25;
2026-02-25T16:02:57+00:00;29;
2026-02-25T16:06:17+00:00;0;
2026-02-25T16:08:17+00:00;0;
2026-02-25T16:08:18+00:00;40;
2026-02-25T16:21:22+00:00;31;
2026-02-25T16:44:14+00:00;33;
2026-02-25T16:45:44+00:00;33;
2026-02-25T16:45:45+00:00;44;
2026-02-25T16:45:48+00:00;47;
2026-02-25T16:46:48+00:00;47;
2026-02-25T16:46:49+00:00;58;
2026-02-25T16:48:17+00:00;58;
2026-02-25T16:48:18+00:00;73;
2026-02-25T16:52:24+00:00;78;
2026-02-25T16:57:20+00:00;81;
2026-02-25T17:06:14+00:00;78;
2026-02-25T17:10:20+00:00;74;
2026-02-25T17:11:14+00:00;73;
2026-02-25T17:15:20+00:00;69;
2026-02-25T17:16:15+00:00;68;
2026-02-25T17:18:15+00:00;66;
2026-02-25T17:21:10+00:00;63;
2026-02-25T17:24:19+00:00;60;
2026-02-25T17:27:21+00:00;57;
2026-02-25T17:29:15+00:00;55;
2026-02-25T17:33:16+00:00;51;
2026-02-25T17:34:21+00:00;52;
2026-02-25T17:37:20+00:00;52;
2026-02-25T17:37:21+00:00;81;
2026-02-25T17:52:58+00:00;78;
2026-02-25T17:58:03+00:00;73;
2026-02-25T18:00:02+00:00;71;
2026-02-25T18:02:01+00:00;69;
2026-02-25T18:04:02+00:00;67;
2026-02-25T18:08:02+00:00;63;
2026-02-25T18:12:08+00:00;0;
2026-02-25T19:49:35+00:00;0;
2026-02-25T19:49:36+00:00;10;
2026-02-25T19:50:22+00:00;40;
2026-02-25T19:57:12+00:00;44;
2026-02-25T20:27:23+00:00;48;
2026-02-25T20:47:50+00:00;50;
2026-02-25T20:56:05+00:00;0;
2026-02-25T21:02:14+00:00;0;
2026-02-25T21:02:15+00:00;50;
2026-02-25T21:36:16+00:00;52;
2026-02-25T21:52:33+00:00;0;
2026-02-25T21:58:42+00:00;0;
2026-02-25T21:58:43+00:00;52;
2026-02-25T22:49:10+00:00;53;
2026-02-25T23:28:36+00:00;0;
2026-02-26T01:05:26+00:00;0;
2026-02-26T01:05:27+00:00;53;
2026-02-26T01:12:52+00:00;0;
2026-02-26T01:19:05+00:00;0;
2026-02-26T01:19:06+00:00;52;
2026-02-26T02:12:59+00:00;0;
2026-02-26T02:19:39+00:00;0;
2026-02-26T02:19:40+00:00;53;
2026-02-26T03:14:48+00:00;0;
2026-02-26T03:21:26+00:00;0;
2026-02-26T03:21:27+00:00;53;
2026-02-26T04:13:40+00:00;0;
2026-02-26T04:20:25+00:00;0;
2026-02-26T04:20:26+00:00;53;
2026-02-26T06:49:24+00:00;51;
2026-02-26T06:53:58+00:00;25;
2026-02-26T06:56:14+00:00;0;
2026-02-26T07:06:28+00:00;0;
2026-02-26T07:06:29+00:00;50;
2026-02-26T07:46:55+00:00;46;
2026-02-26T07:57:01+00:00;44;
2026-02-26T08:11:56+00:00;42;
2026-02-26T08:46:25+00:00;39;
2026-02-26T09:14:14+00:00;25;
2026-02-26T09:15:15+00:00;0;
2026-02-26T11:23:03+00:00;0;
2026-02-26T11:23:04+00:00;34;
2026-02-26T12:00:27+00:00;0;
2026-02-26T12:07:05+00:00;0;
2026-02-26T12:07:06+00:00;25;
2026-02-26T13:37:52+00:00;0;
2026-02-26T17:29:52+00:00;25;
2026-02-26T17:29:53+00:00;40;
2026-02-26T17:51:49+00:00;26;
2026-02-26T18:55:46+00:00;0;
2026-02-26T18:57:46+00:00;0;
2026-02-26T18:57:47+00:00;40;
2026-02-26T19:26:02+00:00;30;
2026-02-26T21:21:07+00:00;30;
2026-02-26T21:21:08+00:00;33;
2026-02-26T21:41:30+00:00;36;
2026-02-26T21:59:25+00:00;36;
2026-02-26T21:59:26+00:00;50;
2026-02-26T22:01:00+00:00;0;
2026-02-26T22:16:06+00:00;0;
2026-02-26T22:16:07+00:00;39;
2026-02-26T23:19:13+00:00;0;
2026-02-27T01:06:37+00:00;0;
2026-02-27T01:06:38+00:00;45;
2026-02-27T01:16:03+00:00;0;
2026-02-27T01:21:43+00:00;0;
2026-02-27T01:21:44+00:00;45;
2026-02-27T02:01:01+00:00;0;
2026-02-27T02:07:11+00:00;0;
2026-02-27T02:07:12+00:00;47;
2026-02-27T02:43:13+00:00;0;
2026-02-27T02:49:27+00:00;0;
2026-02-27T02:49:28+00:00;47;
2026-02-27T03:13:29+00:00;49;
2026-02-27T03:25:00+00:00;0;
2026-02-27T03:45:30+00:00;0;
2026-02-27T03:45:31+00:00;50;
2026-02-27T04:07:01+00:00;0;
2026-02-27T04:13:11+00:00;0;
2026-02-27T04:13:12+00:00;49;
2026-02-27T04:48:04+00:00;0;
2026-02-27T04:54:13+00:00;0;
2026-02-27T04:54:14+00:00;48;
2026-02-27T05:30:06+00:00;0;
2026-02-27T05:36:16+00:00;0;
2026-02-27T05:36:17+00:00;48;
2026-02-27T06:11:43+00:00;0;
2026-02-27T06:17:57+00:00;0;
2026-02-27T06:17:58+00:00;47;
2026-02-27T06:32:10+00:00;25;
2026-02-27T06:32:44+00:00;0;
2026-02-27T08:07:32+00:00;0;
2026-02-27T08:07:33+00:00;34;
2026-02-27T08:27:19+00:00;29;
2026-02-27T08:57:26+00:00;25;
2026-02-27T10:45:56+00:00;0;
2026-02-27T10:52:38+00:00;0;
2026-02-27T10:52:39+00:00;25;
2026-02-27T11:12:15+00:00;0;
2026-02-27T15:55:23+00:00;25;
2026-02-27T15:55:24+00:00;36;
2026-02-27T15:59:17+00:00;36;
2026-02-27T15:59:18+00:00;46;
2026-02-27T16:42:21+00:00;49;
2026-02-27T16:46:00+00:00;0;
2026-02-27T20:58:43+00:00;0;
2026-02-27T20:58:44+00:00;27;
2026-02-27T20:59:10+00:00;37;
2026-02-27T20:59:28+00:00;0;
2026-02-27T21:01:29+00:00;0;
2026-02-27T21:01:30+00:00;40;
2026-02-27T21:06:10+00:00;25;
2026-02-27T21:23:55+00:00;27;
2026-02-27T21:49:01+00:00;30;
2026-02-27T22:49:39+00:00;33;
2026-02-27T23:14:40+00:00;35;
2026-02-27T23:22:07+00:00;0;
2026-02-27T23:24:01+00:00;0;
2026-02-27T23:24:02+00:00;40;
2026-02-28T00:07:18+00:00;38;
2026-02-28T00:36:44+00:00;0;
2026-02-28T00:38:43+00:00;0;
2026-02-28T00:38:44+00:00;40;
2026-02-28T01:46:59+00:00;0;
2026-02-28T01:49:03+00:00;0;
2026-02-28T01:49:04+00:00;40;
2026-02-28T02:17:14+00:00;41;
2026-02-28T02:37:41+00:00;40;
2026-02-28T02:55:42+00:00;0;
2026-02-28T03:05:51+00:00;0;
2026-02-28T03:05:52+00:00;39;
2026-02-28T03:10:42+00:00;0;
2026-02-28T04:36:45+00:00;39;
2026-02-28T04:36:46+00:00;42;
2026-02-28T04:45:57+00:00;40;
2026-02-28T05:11:02+00:00;37;
2026-02-28T05:41:24+00:00;34;
2026-02-28T06:15:29+00:00;34;
2026-02-28T06:15:30+00:00;50;
2026-02-28T06:16:30+00:00;0;
2026-02-28T06:21:40+00:00;0;
2026-02-28T06:21:41+00:00;34;
2026-02-28T06:46:03+00:00;32;
2026-02-28T07:22:25+00:00;30;
2026-02-28T07:56:40+00:00;26;
2026-02-28T08:48:58+00:00;0;
2026-02-28T19:12:29+00:00;0;
2026-02-28T19:12:30+00:00;40;
2026-02-28T19:38:12+00:00;0;
2026-02-28T19:45:02+00:00;0;
2026-02-28T19:45:03+00:00;25;
2026-02-28T21:48:21+00:00;25;
2026-02-28T21:48:22+00:00;29;
2026-02-28T22:33:00+00:00;31;
2026-02-28T22:41:20+00:00;0;
2026-02-28T22:47:30+00:00;0;
2026-02-28T22:47:31+00:00;31;
2026-03-01T00:27:31+00:00;27;
2026-03-01T01:43:57+00:00;27;
2026-03-01T01:43:58+00:00;39;
2026-03-01T01:44:03+00:00;0;
2026-03-01T01:50:48+00:00;0;
2026-03-01T01:50:49+00:00;25;
2026-03-01T03:48:43+00:00;0;
2026-03-01T05:47:42+00:00;0;
2026-03-01T05:47:43+00:00;27;
2026-03-01T06:41:45+00:00;0;
2026-03-01T06:48:29+00:00;0;
2026-03-01T06:48:30+00:00;26;
2026-03-01T09:35:53+00:00;0;
2026-03-01T12:53:10+00:00;20;
2026-03-01T12:53:55+00:00;40;
2026-03-01T12:57:10+00:00;38;
2026-03-01T13:01:25+00:00;0;
2026-03-01T13:03:24+00:00;0;
2026-03-01T13:03:25+00:00;36;
2026-03-01T13:08:31+00:00;25;
2026-03-01T15:02:09+00:00;25;
2026-03-01T15:02:10+00:00;42;
2026-03-01T15:03:14+00:00;42;
2026-03-01T15:03:15+00:00;55;
2026-03-01T15:12:30+00:00;55;
2026-03-01T15:12:31+00:00;62;
2026-03-01T15:55:01+00:00;0;
2026-03-01T16:25:53+00:00;0;
2026-03-01T16:31:37+00:00;0;
2026-03-01T16:31:38+00:00;38;
2026-03-01T16:32:44+00:00;25;
2026-03-01T17:46:35+00:00;25;
2026-03-01T17:46:36+00:00;27;
2026-03-01T17:56:37+00:00;29;
2026-03-01T18:26:07+00:00;32;
2026-03-01T18:46:08+00:00;36;
2026-03-01T18:56:13+00:00;38;
2026-03-01T19:26:35+00:00;41;
2026-03-01T19:30:24+00:00;41;
2026-03-01T19:30:25+00:00;50;
2026-03-01T19:31:25+00:00;0;
2026-03-01T19:46:35+00:00;0;
2026-03-01T19:46:36+00:00;43;
2026-03-01T20:22:04+00:00;47;
2026-03-01T20:34:34+00:00;44;
2026-03-01T20:37:09+00:00;0;
2026-03-01T20:43:18+00:00;0;
2026-03-01T20:43:19+00:00;47;
2026-03-01T21:16:46+00:00;44;
2026-03-01T21:36:47+00:00;43;
2026-03-01T21:50:38+00:00;28;
2026-03-01T21:51:27+00:00;48;
2026-03-01T21:51:52+00:00;0;
2026-03-01T21:53:51+00:00;0;
2026-03-01T21:53:52+00:00;40;
2026-03-01T22:07:24+00:00;43;
2026-03-01T22:35:39+00:00;0;
2026-03-02T00:32:38+00:00;0;
2026-03-02T00:32:39+00:00;53;
2026-03-02T00:39:39+00:00;0;
2026-03-02T00:46:24+00:00;0;
2026-03-02T00:46:25+00:00;53;
2026-03-02T01:15:18+00:00;56;
2026-03-02T01:22:08+00:00;0;
2026-03-02T01:24:12+00:00;0;
2026-03-02T01:24:13+00:00;45;
2026-03-02T01:47:16+00:00;45;
2026-03-02T01:47:17+00:00;58;
2026-03-02T02:04:34+00:00;0;
2026-03-02T02:11:19+00:00;0;
2026-03-02T02:11:20+00:00;58;
2026-03-02T02:46:36+00:00;0;
2026-03-02T02:53:50+00:00;0;
2026-03-02T02:53:51+00:00;59;
2026-03-02T03:28:03+00:00;0;
2026-03-02T03:30:17+00:00;0;
2026-03-02T03:30:18+00:00;40;
2026-03-02T03:38:08+00:00;40;
2026-03-02T03:38:09+00:00;61;
2026-03-02T04:07:41+00:00;0;
2026-03-02T05:45:23+00:00;0;
2026-03-02T05:45:24+00:00;49;
2026-03-02T05:45:44+00:00;0;
2026-03-02T06:01:50+00:00;0;
2026-03-02T06:01:51+00:00;61;
2026-03-02T06:28:17+00:00;0;
2026-03-02T06:35:30+00:00;0;
2026-03-02T06:35:31+00:00;63;
2026-03-02T06:53:27+00:00;61;
2026-03-02T07:03:55+00:00;58;
2026-03-02T07:11:19+00:00;0;
2026-03-02T07:13:23+00:00;0;
2026-03-02T07:13:24+00:00;40;
2026-03-02T07:17:57+00:00;40;
2026-03-02T07:17:58+00:00;56;
2026-03-02T07:21:29+00:00;55;
2026-03-02T07:23:25+00:00;53;
2026-03-02T07:32:24+00:00;49;
2026-03-02T07:46:30+00:00;45;
2026-03-02T07:52:36+00:00;42;
2026-03-02T08:00:52+00:00;39;
2026-03-02T08:10:58+00:00;37;
2026-03-02T08:21:58+00:00;33;
2026-03-02T08:31:52+00:00;0;
2026-03-02T12:13:30+00:00;0;
2026-03-02T12:13:31+00:00;40;
2026-03-02T13:27:49+00:00;0;
2026-03-02T16:13:48+00:00;40;
2026-03-02T16:35:48+00:00;0;
2026-03-02T16:38:12+00:00;0;
2026-03-02T16:38:13+00:00;40;
2026-03-02T16:42:08+00:00;28;
2026-03-02T17:23:19+00:00;29;
2026-03-02T17:26:19+00:00;32;
2026-03-02T17:29:19+00:00;35;
2026-03-02T17:35:18+00:00;35;
2026-03-02T17:35:19+00:00;41;
2026-03-02T17:40:19+00:00;46;
2026-03-02T17:41:24+00:00;47;
2026-03-02T17:43:20+00:00;49;
2026-03-02T17:47:20+00:00;53;
2026-03-02T18:11:41+00:00;55;
2026-03-02T18:16:42+00:00;60;
2026-03-02T18:19:42+00:00;63;
2026-03-02T18:25:41+00:00;63;
2026-03-02T18:25:42+00:00;69;
2026-03-02T18:27:47+00:00;71;
2026-03-02T18:29:42+00:00;73;
2026-03-02T18:32:48+00:00;76;
2026-03-02T18:36:42+00:00;80;
2026-03-02T19:34:05+00:00;78;
2026-03-02T19:34:29+00:00;53;
2026-03-02T19:34:59+00:00;25;
2026-03-02T19:36:24+00:00;25;
2026-03-02T19:36:25+00:00;37;
2026-03-02T19:37:45+00:00;0;
2026-03-02T19:43:59+00:00;0;
2026-03-02T19:44:00+00:00;52;
2026-03-02T19:45:29+00:00;52;
2026-03-02T19:45:30+00:00;70;
2026-03-02T19:46:26+00:00;81;
2026-03-02T20:35:02+00:00;78;
2026-03-02T20:37:08+00:00;76;
2026-03-02T20:42:02+00:00;71;
2026-03-02T20:48:03+00:00;65;
2026-03-02T20:50:43+00:00;25;
2026-03-02T20:53:38+00:00;0;
2026-03-02T20:58:43+00:00;0;
2026-03-02T20:58:44+00:00;26;
2026-03-02T20:59:13+00:00;0;
2026-03-03T15:17:12+00:00;0;
2026-03-03T15:17:13+00:00;44;
2026-03-03T16:00:15+00:00;48;
2026-03-03T16:04:16+00:00;52;
2026-03-03T16:05:20+00:00;51;
2026-03-03T16:08:16+00:00;48;
2026-03-03T16:10:14+00:00;46;
2026-03-03T16:14:15+00:00;42;
2026-03-03T16:15:14+00:00;41;
2026-03-03T16:18:15+00:00;38;
2026-03-03T16:21:14+00:00;35;
2026-03-03T16:22:15+00:00;34;
2026-03-03T16:25:14+00:00;31;
2026-03-03T16:27:15+00:00;29;
2026-03-03T16:31:15+00:00;25;
2026-03-03T17:56:29+00:00;0;
2026-03-03T18:17:00+00:00;0;
2026-03-03T18:17:01+00:00;26;
2026-03-03T18:18:15+00:00;29;
2026-03-03T18:22:15+00:00;33;
2026-03-03T18:24:10+00:00;35;
2026-03-03T18:26:16+00:00;37;
2026-03-03T18:29:10+00:00;40;
2026-03-03T18:33:16+00:00;44;
2026-03-03T18:34:11+00:00;45;
2026-03-03T18:38:16+00:00;49;
2026-03-03T18:43:17+00:00;54;
2026-03-03T18:52:32+00:00;57;
2026-03-03T18:53:38+00:00;58;
2026-03-03T18:57:33+00:00;62;
2026-03-03T18:59:38+00:00;64;
2026-03-03T19:03:33+00:00;68;
2026-03-03T19:09:31+00:00;68;
2026-03-03T19:09:32+00:00;74;
2026-03-03T19:13:38+00:00;78;
2026-03-03T19:15:33+00:00;80;
2026-03-03T19:49:20+00:00;66;
2026-03-03T19:52:25+00:00;0;
2026-03-03T19:54:28+00:00;0;
2026-03-03T19:54:29+00:00;40;
2026-03-03T19:58:44+00:00;40;
2026-03-03T19:58:45+00:00;52;
2026-03-03T20:00:09+00:00;52;
2026-03-03T20:00:10+00:00;70;
2026-03-03T20:01:10+00:00;70;
2026-03-03T20:01:11+00:00;81;
2026-03-03T20:50:46+00:00;57;
2026-03-03T20:51:21+00:00;25;
2026-03-03T20:52:40+00:00;25;
2026-03-03T20:52:41+00:00;35;
2026-03-03T20:53:20+00:00;50;
2026-03-03T20:54:07+00:00;0;
2026-03-03T20:56:05+00:00;0;
2026-03-03T20:56:06+00:00;40;
2026-03-03T21:00:16+00:00;40;
2026-03-03T21:00:17+00:00;51;
2026-03-03T21:01:21+00:00;51;
2026-03-03T21:01:22+00:00;64;
2026-03-03T21:16:32+00:00;0;
2026-03-04T09:36:46+00:00;0;
2026-03-04T09:36:47+00:00;34;
2026-03-04T09:40:48+00:00;38;
2026-03-04T09:43:12+00:00;40;
2026-03-04T09:44:09+00:00;41;
2026-03-04T09:48:09+00:00;45;
2026-03-04T09:50:08+00:00;47;
2026-03-04T09:52:09+00:00;49;
2026-03-04T09:55:09+00:00;52;
2026-03-04T09:59:04+00:00;54;
2026-03-04T10:01:09+00:00;52;
2026-03-04T10:03:10+00:00;50;
2026-03-04T10:06:08+00:00;47;
2026-03-04T10:09:10+00:00;44;
2026-03-04T10:12:09+00:00;41;
2026-03-04T10:15:04+00:00;38;
2026-03-04T10:17:10+00:00;36;
2026-03-04T10:20:05+00:00;33;
2026-03-04T10:26:05+00:00;27;
2026-03-04T12:12:09+00:00;0;
2026-03-04T12:14:33+00:00;0;
2026-03-04T12:14:34+00:00;40;
2026-03-04T12:24:00+00:00;31;
2026-03-04T12:26:29+00:00;31;
2026-03-04T12:26:30+00:00;56;
2026-03-04T12:26:58+00:00;57;
2026-03-04T12:37:25+00:00;53;
2026-03-04T12:55:41+00:00;0;
2026-03-04T15:04:49+00:00;0;
2026-03-04T15:04:50+00:00;47;
2026-03-04T15:23:00+00:00;49;
2026-03-04T15:39:55+00:00;46;
2026-03-04T15:43:12+00:00;43;
2026-03-04T15:48:12+00:00;38;
2026-03-04T15:51:17+00:00;35;
2026-03-04T15:52:12+00:00;34;
2026-03-04T15:55:11+00:00;31;
2026-03-04T15:57:17+00:00;29;
2026-03-04T16:01:12+00:00;25;
2026-03-04T16:21:47+00:00;0;
2026-03-04T19:23:09+00:00;0;
2026-03-04T19:23:10+00:00;30;
2026-03-04T19:27:59+00:00;0;
2026-03-04T19:34:38+00:00;0;
2026-03-04T19:34:39+00:00;54;
2026-03-04T19:55:21+00:00;55;
2026-03-04T19:59:20+00:00;59;
2026-03-04T20:01:27+00:00;61;
2026-03-04T20:05:21+00:00;65;
2026-03-04T20:06:27+00:00;66;
2026-03-04T20:09:27+00:00;69;
2026-03-04T20:11:22+00:00;71;
2026-03-04T20:14:26+00:00;74;
2026-03-04T20:18:21+00:00;78;
2026-03-04T20:20:22+00:00;80;
2026-03-04T21:06:29+00:00;80;
2026-03-04T21:07:34+00:00;70;
2026-03-04T21:08:04+00:00;68;
2026-03-04T21:27:20+00:00;0;
2026-03-05T07:32:37+00:00;0;
2026-03-05T07:32:38+00:00;36;
2026-03-05T07:40:29+00:00;36;
2026-03-05T07:40:30+00:00;77;
2026-03-05T07:44:26+00:00;81;
2026-03-05T07:55:30+00:00;80;
2026-03-05T08:00:30+00:00;75;
2026-03-05T08:03:25+00:00;72;
2026-03-05T08:09:30+00:00;66;
2026-03-05T08:11:26+00:00;64;
2026-03-05T08:15:31+00:00;60;
2026-03-05T08:20:26+00:00;55;
2026-03-05T08:22:56+00:00;25;
2026-03-05T08:25:22+00:00;0;
2026-03-05T08:35:52+00:00;0;
2026-03-05T08:35:53+00:00;36;
2026-03-05T08:55:53+00:00;32;
2026-03-05T08:56:58+00:00;31;
2026-03-05T09:21:04+00:00;29;
2026-03-05T10:00:36+00:00;25;
2026-03-05T11:13:32+00:00;0;
2026-03-05T14:33:08+00:00;0;
2026-03-05T14:35:32+00:00;0;
2026-03-05T14:35:33+00:00;40;
2026-03-05T15:08:27+00:00;40;
2026-03-05T15:08:28+00:00;48;
2026-03-05T15:40:10+00:00;48;
2026-03-05T15:45:11+00:00;43;
2026-03-05T15:49:10+00:00;39;
2026-03-05T15:50:15+00:00;38;
2026-03-05T15:55:10+00:00;33;
2026-03-05T15:59:10+00:00;29;
2026-03-05T16:01:11+00:00;27;
2026-03-05T16:07:20+00:00;0;
2026-03-05T18:49:17+00:00;0;
2026-03-05T18:49:18+00:00;40;
2026-03-05T19:09:32+00:00;38;
2026-03-05T20:05:10+00:00;42;
2026-03-05T20:15:06+00:00;44;
2026-03-05T20:17:36+00:00;27;
2026-03-05T20:18:26+00:00;47;
2026-03-05T20:18:46+00:00;0;
2026-03-05T20:20:40+00:00;0;
2026-03-05T20:20:41+00:00;36;
2026-03-05T20:24:29+00:00;36;
2026-03-05T20:24:30+00:00;46;
2026-03-05T20:25:55+00:00;46;
2026-03-05T20:25:56+00:00;62;
2026-03-05T20:48:57+00:00;64;
2026-03-05T20:56:58+00:00;66;
2026-03-05T21:00:46+00:00;0;
2026-03-05T21:03:01+00:00;0;
2026-03-05T21:03:02+00:00;40;
2026-03-05T21:07:02+00:00;40;
2026-03-05T21:07:03+00:00;52;
2026-03-05T21:08:02+00:00;64;
2026-03-05T21:09:27+00:00;64;
2026-03-05T21:09:28+00:00;80;
2026-03-05T21:41:10+00:00;25;
2026-03-05T21:43:35+00:00;0;
2026-03-05T21:52:20+00:00;0;
2026-03-05T21:52:21+00:00;81;
2026-03-05T22:20:06+00:00;79;
2026-03-05T22:22:56+00:00;75;
2026-03-05T22:23:46+00:00;25;
2026-03-05T22:24:51+00:00;29;
2026-03-05T22:25:41+00:00;49;
2026-03-05T22:26:17+00:00;0;
2026-03-05T22:28:26+00:00;0;
2026-03-05T22:28:27+00:00;50;
2026-03-05T22:28:42+00:00;40;
2026-03-05T22:34:17+00:00;40;
2026-03-05T22:34:18+00:00;68;
2026-03-05T22:43:29+00:00;64;
2026-03-05T22:45:28+00:00;62;
2026-03-05T22:51:29+00:00;56;
2026-03-05T23:08:49+00:00;0;
2026-03-05T23:15:29+00:00;0;
2026-03-05T23:15:30+00:00;56;
2026-03-05T23:21:49+00:00;0;
2026-03-06T14:26:32+00:00;40;
2026-03-06T14:30:22+00:00;28;
2026-03-06T15:02:45+00:00;28;
2026-03-06T15:02:46+00:00;47;
2026-03-06T15:37:13+00:00;49;
2026-03-06T15:42:39+00:00;51;
2026-03-06T17:12:31+00:00;25;
2026-03-06T17:13:47+00:00;0;
2026-03-06T17:20:26+00:00;0;
2026-03-06T17:20:27+00:00;53;
2026-03-06T19:04:27+00:00;53;
2026-03-06T19:04:28+00:00;57;
2026-03-06T19:14:27+00:00;58;
2026-03-06T19:22:49+00:00;55;
2026-03-06T19:27:49+00:00;50;
2026-03-06T19:33:43+00:00;44;
2026-03-06T19:37:49+00:00;40;
2026-03-06T19:54:30+00:00;40;
2026-03-06T20:09:36+00:00;42;
2026-03-06T20:18:45+00:00;0;
2026-03-07T09:45:34+00:00;0;
2026-03-07T09:45:35+00:00;27;
2026-03-07T09:46:15+00:00;40;
2026-03-07T09:50:30+00:00;25;
2026-03-07T10:03:45+00:00;26;
2026-03-07T10:04:45+00:00;26;
2026-03-07T10:04:46+00:00;35;
2026-03-07T10:06:44+00:00;35;
2026-03-07T10:06:45+00:00;55;
2026-03-07T10:07:45+00:00;55;
2026-03-07T10:07:46+00:00;62;
2026-03-07T10:12:14+00:00;58;
2026-03-07T10:27:37+00:00;50;
2026-03-07T10:52:07+00:00;49;
2026-03-07T11:01:03+00:00;47;
2026-03-07T11:03:58+00:00;44;
2026-03-07T11:07:02+00:00;41;
2026-03-07T11:07:58+00:00;40;
2026-03-07T11:11:02+00:00;37;
2026-03-07T11:15:03+00:00;33;
2026-03-07T11:16:27+00:00;31;
2026-03-07T11:17:19+00:00;30;
2026-03-07T11:21:25+00:00;26;
2026-03-07T12:46:22+00:00;0;
2026-03-07T12:48:52+00:00;26;
2026-03-07T12:48:53+00:00;40;
2026-03-07T13:33:44+00:00;0;
2026-03-07T17:44:05+00:00;0;
2026-03-07T17:44:06+00:00;40;
2026-03-07T19:09:39+00:00;28;
2026-03-07T19:12:40+00:00;31;
2026-03-07T19:16:00+00:00;34;
2026-03-07T19:18:56+00:00;37;
2026-03-07T19:23:01+00:00;41;
2026-03-07T19:25:56+00:00;44;
2026-03-07T19:29:01+00:00;47;
2026-03-07T19:34:00+00:00;52;
2026-03-07T19:58:32+00:00;25;
2026-03-07T19:59:56+00:00;0;
2026-03-07T20:30:13+00:00;0;
2026-03-07T20:30:14+00:00;54;
2026-03-07T21:20:37+00:00;56;
2026-03-07T22:10:38+00:00;60;
2026-03-07T22:50:59+00:00;62;
2026-03-07T22:53:59+00:00;61;
2026-03-07T22:59:59+00:00;55;
2026-03-07T23:04:59+00:00;0;
2026-03-07T23:07:24+00:00;0;
2026-03-07T23:07:25+00:00;40;
2026-03-07T23:39:31+00:00;40;
2026-03-07T23:39:32+00:00;47;
2026-03-07T23:44:13+00:00;0;
2026-03-08T06:01:02+00:00;0;
2026-03-08T06:01:03+00:00;36;
2026-03-08T06:05:17+00:00;36;
2026-03-08T06:05:18+00:00;51;
2026-03-08T06:06:47+00:00;51;
2026-03-08T06:06:48+00:00;69;
2026-03-08T06:07:18+00:00;76;
2026-03-08T06:07:53+00:00;81;
2026-03-08T07:01:59+00:00;79;
2026-03-08T07:05:59+00:00;75;
2026-03-08T07:08:00+00:00;73;
2026-03-08T07:09:24+00:00;71;
2026-03-08T07:11:15+00:00;69;
2026-03-08T07:13:21+00:00;67;
2026-03-08T07:17:17+00:00;63;
2026-03-08T07:20:21+00:00;60;
2026-03-08T07:25:17+00:00;55;
2026-03-08T07:26:21+00:00;54;
2026-03-08T07:30:17+00:00;50;
2026-03-08T07:31:22+00:00;49;
2026-03-08T07:33:17+00:00;47;
2026-03-08T07:36:22+00:00;44;
2026-03-08T07:40:18+00:00;40;
2026-03-08T07:46:18+00:00;34;
2026-03-08T07:50:18+00:00;30;
2026-03-08T08:11:25+00:00;27;
2026-03-08T08:26:04+00:00;29;
2026-03-08T08:26:55+00:00;0;
2026-03-08T08:33:38+00:00;0;
2026-03-08T08:33:39+00:00;26;
2026-03-08T11:02:16+00:00;0;
2026-03-08T15:04:21+00:00;26;
2026-03-08T15:04:22+00:00;44;
2026-03-08T15:25:58+00:00;0;
2026-03-08T15:28:22+00:00;0;
2026-03-08T15:28:23+00:00;40;
2026-03-08T15:40:24+00:00;0;
2026-03-08T19:54:40+00:00;0;
2026-03-08T19:54:41+00:00;25;
2026-03-08T22:12:53+00:00;25;
2026-03-08T22:12:54+00:00;28;
2026-03-08T22:38:15+00:00;0;
2026-03-08T22:44:34+00:00;0;
2026-03-08T22:44:35+00:00;28;
2026-03-09T01:03:56+00:00;28;
2026-03-09T01:03:57+00:00;32;
2026-03-09T01:39:08+00:00;34;
2026-03-09T01:42:03+00:00;0;
2026-03-09T01:47:47+00:00;0;
2026-03-09T01:47:48+00:00;34;
2026-03-09T02:47:41+00:00;38;
2026-03-09T02:52:46+00:00;0;
2026-03-09T04:36:55+00:00;0;
2026-03-09T04:36:56+00:00;42;
2026-03-09T06:22:27+00:00;25;
2026-03-09T06:23:35+00:00;25;
2026-03-09T06:23:36+00:00;31;
2026-03-09T06:24:26+00:00;50;
2026-03-09T06:25:11+00:00;0;
2026-03-09T06:27:41+00:00;0;
2026-03-09T06:27:42+00:00;40;
2026-03-09T06:30:56+00:00;39;
2026-03-09T07:05:48+00:00;36;
2026-03-09T07:30:50+00:00;32;
2026-03-09T07:45:50+00:00;25;
2026-03-09T07:46:29+00:00;0;
2026-03-09T11:43:09+00:00;0;
2026-03-09T15:06:15+00:00;0;
2026-03-09T15:36:30+00:00;0;
2026-03-09T15:36:31+00:00;45;
2026-03-09T15:51:16+00:00;0;
2026-03-10T14:26:45+00:00;0;
2026-03-10T14:26:46+00:00;40;
2026-03-10T14:31:02+00:00;25;
2026-03-10T15:00:42+00:00;30;
2026-03-10T15:02:11+00:00;30;
2026-03-10T15:02:12+00:00;45;
2026-03-10T15:56:10+00:00;48;
2026-03-10T16:00:10+00:00;47;
2026-03-10T16:05:15+00:00;42;
2026-03-10T16:08:09+00:00;39;
2026-03-10T16:14:10+00:00;33;
2026-03-10T16:20:10+00:00;27;
2026-03-10T16:44:35+00:00;0;
2026-03-10T16:46:59+00:00;0;
2026-03-10T16:47:00+00:00;40;
2026-03-10T19:48:59+00:00;0;
2026-03-10T19:50:58+00:00;0;
2026-03-10T19:50:59+00:00;40;
2026-03-10T20:04:09+00:00;28;
2026-03-10T20:48:38+00:00;31;
2026-03-10T21:27:24+00:00;0;
2026-03-11T15:27:48+00:00;0;
2026-03-11T15:27:49+00:00;45;
2026-03-11T15:58:41+00:00;0;
2026-03-12T14:18:38+00:00;0;
2026-03-12T14:21:07+00:00;0;
2026-03-12T14:21:08+00:00;40;
2026-03-12T15:02:43+00:00;40;
2026-03-12T15:02:44+00:00;49;
2026-03-12T15:59:56+00:00;47;
2026-03-12T16:03:56+00:00;43;
2026-03-12T16:09:02+00:00;38;
2026-03-12T16:10:57+00:00;36;
2026-03-12T16:13:56+00:00;33;
2026-03-12T16:18:57+00:00;28;
2026-03-12T16:21:56+00:00;25;
2026-03-12T17:20:43+00:00;0;
2026-03-12T18:26:21+00:00;0;
2026-03-12T18:26:22+00:00;26;
2026-03-12T19:11:55+00:00;30;
2026-03-12T20:01:27+00:00;32;
2026-03-12T20:25:42+00:00;0;
2026-03-12T20:28:06+00:00;0;
2026-03-12T20:28:07+00:00;40;
2026-03-12T20:36:08+00:00;33;
2026-03-12T22:41:09+00:00;25;
2026-03-12T22:42:15+00:00;0;
2026-03-13T15:29:43+00:00;0;
2026-03-13T15:29:44+00:00;45;
2026-03-13T15:45:50+00:00;0;
2026-03-13T15:55:54+00:00;0;
2026-03-13T15:55:55+00:00;46;
2026-03-13T16:00:05+00:00;0;
2026-03-14T15:36:12+00:00;0;
2026-03-14T15:36:13+00:00;46;
2026-03-14T15:53:08+00:00;44;
2026-03-14T15:57:14+00:00;40;
2026-03-14T16:01:14+00:00;36;
2026-03-14T16:02:13+00:00;35;
2026-03-14T16:04:18+00:00;33;
2026-03-14T16:07:14+00:00;30;
2026-03-14T16:10:14+00:00;27;
2026-03-14T16:12:14+00:00;25;
2026-03-14T17:37:42+00:00;25;
2026-03-14T17:37:43+00:00;30;
2026-03-14T17:42:43+00:00;35;
2026-03-14T17:44:39+00:00;37;
2026-03-14T17:49:03+00:00;0;
2026-03-14T17:55:48+00:00;0;
2026-03-14T17:55:49+00:00;53;
2026-03-14T19:21:23+00:00;30;
2026-03-14T19:25:17+00:00;30;
2026-03-14T19:25:18+00:00;46;
2026-03-14T20:54:04+00:00;46;
2026-03-14T20:54:05+00:00;51;
2026-03-14T20:54:31+00:00;25;
2026-03-14T20:55:26+00:00;0;
2026-03-14T21:02:05+00:00;0;
2026-03-14T21:02:06+00:00;53;
2026-03-14T21:26:42+00:00;52;
2026-03-14T21:29:42+00:00;49;
2026-03-14T21:32:43+00:00;46;
2026-03-14T21:36:42+00:00;42;
2026-03-14T21:38:42+00:00;40;
2026-03-14T21:41:42+00:00;37;
2026-03-14T21:43:42+00:00;35;
2026-03-14T21:46:42+00:00;32;
2026-03-14T21:52:42+00:00;26;
2026-03-14T22:56:09+00:00;0;
2026-03-15T08:27:40+00:00;0;
2026-03-15T08:27:41+00:00;40;
2026-03-15T08:32:01+00:00;26;
2026-03-15T09:28:29+00:00;0;
2026-03-15T09:35:08+00:00;0;
2026-03-15T09:35:09+00:00;27;
2026-03-15T12:31:32+00:00;0;
2026-03-15T12:37:42+00:00;0;
2026-03-15T12:37:43+00:00;31;
2026-03-15T15:04:07+00:00;31;
2026-03-15T15:04:08+00:00;64;
2026-03-15T15:34:40+00:00;0;
2026-03-15T15:58:24+00:00;0;
2026-03-15T15:58:25+00:00;62;
2026-03-15T16:03:26+00:00;57;
2026-03-15T16:06:50+00:00;54;
2026-03-15T16:08:47+00:00;52;
2026-03-15T16:11:47+00:00;49;
2026-03-15T16:14:47+00:00;46;
2026-03-15T16:18:47+00:00;42;
2026-03-15T16:20:48+00:00;40;
2026-03-15T16:23:47+00:00;37;
2026-03-15T16:27:48+00:00;33;
2026-03-15T16:32:47+00:00;28;
2026-03-15T17:14:50+00:00;27;
2026-03-15T18:37:58+00:00;0;
2026-03-15T18:39:56+00:00;0;
2026-03-15T18:39:57+00:00;40;
2026-03-15T20:58:18+00:00;30;
2026-03-15T21:41:17+00:00;0;
2026-03-15T21:43:15+00:00;0;
2026-03-15T21:43:16+00:00;40;
2026-03-15T23:31:30+00:00;29;
2026-03-16T00:32:03+00:00;32;
2026-03-16T01:44:17+00:00;0;
2026-03-16T01:46:41+00:00;0;
2026-03-16T01:46:42+00:00;40;
2026-03-16T03:51:18+00:00;0;
2026-03-16T03:57:32+00:00;0;
2026-03-16T03:57:33+00:00;32;
2026-03-16T05:50:19+00:00;0;
2026-03-16T07:36:57+00:00;32;
2026-03-16T07:36:58+00:00;40;
2026-03-16T08:40:25+00:00;0;
2026-03-16T08:42:50+00:00;0;
2026-03-16T08:42:51+00:00;40;
2026-03-16T09:21:03+00:00;27;
2026-03-16T11:44:08+00:00;0;
2026-03-16T13:48:03+00:00;0;
2026-03-16T15:05:50+00:00;0;
2026-03-16T15:05:51+00:00;59;
2026-03-16T15:15:46+00:00;62;
2026-03-16T15:47:52+00:00;59;
2026-03-16T15:49:52+00:00;57;
2026-03-16T15:53:52+00:00;53;
2026-03-16T15:56:42+00:00;0;
2026-03-16T16:01:49+00:00;0;
2026-03-16T16:01:50+00:00;37;
2026-03-16T16:10:09+00:00;0;
2026-03-16T18:43:13+00:00;0;
2026-03-16T18:43:14+00:00;34;
2026-03-16T21:26:06+00:00;0;
2026-03-16T21:28:31+00:00;0;
2026-03-16T21:28:32+00:00;40;
2026-03-16T23:42:22+00:00;29;
2026-03-17T00:29:56+00:00;0;
2026-03-17T00:36:04+00:00;0;
2026-03-17T00:36:05+00:00;31;
2026-03-17T00:45:00+00:00;30;
2026-03-17T03:32:17+00:00;30;
2026-03-17T03:32:18+00:00;37;
2026-03-17T03:34:33+00:00;0;
2026-03-17T03:40:43+00:00;0;
2026-03-17T03:40:44+00:00;33;
2026-03-17T04:20:06+00:00;37;
2026-03-17T04:53:18+00:00;25;
2026-03-17T04:55:43+00:00;0;
2026-03-17T05:04:23+00:00;0;
2026-03-17T05:04:24+00:00;81;
2026-03-17T05:22:49+00:00;78;
2026-03-17T05:28:49+00:00;72;
2026-03-17T05:33:49+00:00;67;
2026-03-17T05:38:00+00:00;0;
2026-03-17T07:20:29+00:00;0;
2026-03-17T07:20:30+00:00;40;
2026-03-17T08:48:53+00:00;27;
2026-03-17T10:20:22+00:00;0;
2026-03-17T10:22:46+00:00;0;
2026-03-17T10:22:47+00:00;40;
2026-03-17T11:47:59+00:00;26;
2026-03-17T11:55:54+00:00;26;
2026-03-17T11:55:55+00:00;60;
2026-03-17T12:27:36+00:00;0;
2026-03-17T17:29:20+00:00;0;
2026-03-17T17:29:21+00:00;25;
2026-03-17T17:33:20+00:00;25;
2026-03-17T17:33:21+00:00;37;
2026-03-17T17:34:26+00:00;25;
2026-03-17T17:51:43+00:00;27;
2026-03-17T18:11:53+00:00;31;
2026-03-17T18:24:28+00:00;0;
2026-03-17T18:26:27+00:00;0;
2026-03-17T18:26:28+00:00;40;
2026-03-17T18:34:43+00:00;37;
2026-03-17T18:36:39+00:00;39;
2026-03-17T18:42:43+00:00;39;
2026-03-17T18:42:44+00:00;45;
2026-03-17T18:46:44+00:00;49;
2026-03-17T18:48:03+00:00;50;
2026-03-17T18:51:05+00:00;53;
2026-03-17T18:56:00+00:00;58;
2026-03-17T19:10:06+00:00;60;
2026-03-17T19:17:00+00:00;65;
2026-03-17T19:23:57+00:00;0;
2026-03-17T19:26:05+00:00;0;
2026-03-17T19:26:06+00:00;40;
2026-03-17T19:32:45+00:00;40;
2026-03-17T19:32:46+00:00;81;
2026-03-17T20:11:08+00:00;61;
2026-03-17T20:11:48+00:00;25;
2026-03-17T20:12:53+00:00;29;
2026-03-17T20:13:43+00:00;49;
2026-03-17T20:14:28+00:00;0;
2026-03-17T20:16:27+00:00;0;
2026-03-17T20:16:28+00:00;40;
2026-03-17T20:23:12+00:00;40;
2026-03-17T20:23:13+00:00;81;
2026-03-17T20:49:21+00:00;0;
2026-03-18T10:54:46+00:00;29;
2026-03-18T10:55:25+00:00;40;
2026-03-18T10:59:54+00:00;34;
2026-03-18T11:01:56+00:00;36;
2026-03-18T11:04:56+00:00;39;
2026-03-18T11:06:56+00:00;41;
2026-03-18T11:10:56+00:00;45;
2026-03-18T11:13:51+00:00;48;
2026-03-18T11:16:56+00:00;51;
2026-03-18T11:17:56+00:00;52;
2026-03-18T11:21:56+00:00;48;
2026-03-18T11:26:52+00:00;43;
2026-03-18T11:28:52+00:00;41;
2026-03-18T11:31:56+00:00;38;
2026-03-18T11:35:56+00:00;34;
2026-03-18T11:38:51+00:00;31;
2026-03-18T11:40:51+00:00;29;
2026-03-18T11:44:18+00:00;26;
2026-03-18T13:20:16+00:00;0;
2026-03-18T16:29:00+00:00;0;
2026-03-18T16:29:01+00:00;28;
2026-03-18T18:17:59+00:00;26;
2026-03-18T18:20:10+00:00;30;
2026-03-18T18:24:11+00:00;34;
2026-03-18T18:27:11+00:00;37;
2026-03-18T18:30:11+00:00;40;
2026-03-18T18:33:11+00:00;43;
2026-03-18T18:38:11+00:00;48;
2026-03-18T18:39:32+00:00;49;
2026-03-18T18:43:33+00:00;53;
2026-03-18T19:02:33+00:00;54;
2026-03-18T19:23:08+00:00;25;
2026-03-18T19:24:37+00:00;25;
2026-03-18T19:24:38+00:00;39;
2026-03-18T19:25:08+00:00;0;
2026-03-18T19:27:07+00:00;0;
2026-03-18T19:27:08+00:00;40;
2026-03-18T19:31:47+00:00;40;
2026-03-18T19:31:48+00:00;54;
2026-03-18T19:54:30+00:00;51;
2026-03-18T19:58:35+00:00;47;
2026-03-18T20:00:31+00:00;45;
2026-03-18T20:03:35+00:00;42;
2026-03-18T20:05:29+00:00;40;
2026-03-18T20:07:36+00:00;38;
2026-03-18T20:10:31+00:00;35;
2026-03-18T20:14:36+00:00;31;
2026-03-18T20:43:59+00:00;0;
2026-03-19T15:33:16+00:00;0;
2026-03-19T15:35:45+00:00;0;
2026-03-19T15:35:46+00:00;40;
2026-03-19T18:21:17+00:00;0;
2026-03-20T06:28:06+00:00;0;
2026-03-20T06:28:07+00:00;63;
2026-03-20T06:39:32+00:00;0;
2026-03-20T06:46:40+00:00;0;
2026-03-20T06:46:41+00:00;63;
2026-03-20T12:14:41+00:00;0;
2026-03-20T12:17:10+00:00;0;
2026-03-20T12:17:11+00:00;40;
2026-03-20T15:17:55+00:00;0;
2026-03-20T15:25:00+00:00;0;
2026-03-20T15:25:01+00:00;25;
2026-03-20T18:09:06+00:00;0;
2026-03-21T09:22:57+00:00;25;
2026-03-21T09:22:58+00:00;39;
2026-03-21T09:24:03+00:00;26;
2026-03-21T09:30:58+00:00;0;
2026-03-21T09:33:22+00:00;0;
2026-03-21T09:33:23+00:00;40;
2026-03-21T12:33:00+00:00;0;
2026-03-21T12:35:30+00:00;0;
2026-03-21T12:35:31+00:00;40;
2026-03-21T14:17:45+00:00;29;
2026-03-21T14:20:50+00:00;32;
2026-03-21T14:23:45+00:00;35;
2026-03-21T14:26:51+00:00;38;
2026-03-21T14:27:45+00:00;39;
2026-03-21T14:31:44+00:00;43;
2026-03-21T14:32:45+00:00;44;
2026-03-21T14:35:44+00:00;47;
2026-03-21T14:38:50+00:00;50;
2026-03-21T14:41:45+00:00;53;
2026-03-21T15:36:48+00:00;0;
2026-03-21T15:43:26+00:00;0;
2026-03-21T15:43:27+00:00;53;
2026-03-21T16:19:09+00:00;50;
2026-03-21T16:24:04+00:00;45;
2026-03-21T16:31:05+00:00;38;
2026-03-21T16:34:09+00:00;35;
2026-03-21T16:36:04+00:00;33;
2026-03-21T16:42:04+00:00;27;
2026-03-21T17:49:27+00:00;0;
2026-03-22T10:03:16+00:00;0;
2026-03-22T10:03:17+00:00;40;
2026-03-22T10:55:14+00:00;0;
2026-03-22T13:58:20+00:00;0;
2026-03-22T14:05:10+00:00;0;
2026-03-22T14:05:11+00:00;25;
2026-03-22T15:43:18+00:00;25;
2026-03-22T15:43:19+00:00;50;
2026-03-22T15:46:20+00:00;53;
2026-03-22T17:00:37+00:00;52;
2026-03-22T17:01:58+00:00;0;
2026-03-22T17:04:21+00:00;0;
2026-03-22T17:04:22+00:00;40;
2026-03-22T17:07:57+00:00;40;
2026-03-22T17:07:58+00:00;53;
2026-03-22T17:33:14+00:00;51;
2026-03-22T17:38:14+00:00;46;
2026-03-22T17:43:13+00:00;41;
2026-03-22T17:45:08+00:00;39;
2026-03-22T17:51:09+00:00;33;
2026-03-22T17:52:14+00:00;32;
2026-03-22T17:56:09+00:00;28;
2026-03-22T17:58:09+00:00;26;
2026-03-22T18:39:31+00:00;0;
2026-03-23T10:48:10+00:00;26;
2026-03-23T10:48:11+00:00;40;
2026-03-23T12:09:51+00:00;0;
2026-03-23T12:12:21+00:00;0;
2026-03-23T12:12:22+00:00;40;
2026-03-23T13:57:19+00:00;26;
2026-03-23T13:59:44+00:00;26;
2026-03-23T13:59:45+00:00;45;
2026-03-23T14:00:15+00:00;48;
2026-03-23T14:29:54+00:00;48;
2026-03-23T14:33:53+00:00;44;
2026-03-23T14:34:55+00:00;43;
2026-03-23T14:38:55+00:00;39;
2026-03-23T14:40:54+00:00;37;
2026-03-23T14:43:56+00:00;34;
2026-03-23T14:45:56+00:00;32;
2026-03-23T14:46:51+00:00;31;
2026-03-23T14:50:50+00:00;27;
2026-03-23T15:00:17+00:00;26;
2026-03-23T15:01:15+00:00;36;
2026-03-23T15:02:46+00:00;36;
2026-03-23T15:02:47+00:00;49;
2026-03-23T15:12:06+00:00;47;
2026-03-23T15:13:25+00:00;0;
2026-03-23T15:15:50+00:00;0;
2026-03-23T15:15:51+00:00;40;
2026-03-23T15:19:36+00:00;40;
2026-03-23T15:19:37+00:00;49;
2026-03-23T15:49:07+00:00;48;
2026-03-23T15:53:08+00:00;44;
2026-03-23T15:55:07+00:00;42;
2026-03-23T15:57:29+00:00;40;
2026-03-23T16:02:27+00:00;35;
2026-03-23T16:06:28+00:00;31;
2026-03-23T16:08:27+00:00;29;
2026-03-23T18:16:29+00:00;0;
2026-03-23T18:18:27+00:00;0;
2026-03-23T18:18:28+00:00;40;
2026-03-23T18:23:13+00:00;25;
2026-03-23T19:17:10+00:00;29;
2026-03-23T19:51:11+00:00;0;
2026-03-24T10:08:03+00:00;0;
2026-03-24T10:10:32+00:00;0;
2026-03-24T10:10:33+00:00;40;
2026-03-24T13:10:10+00:00;0;
2026-03-24T13:15:59+00:00;0;
2026-03-24T13:16:00+00:00;34;
2026-03-24T15:00:14+00:00;26;
2026-03-24T15:56:14+00:00;26;
2026-03-24T15:56:15+00:00;45;
2026-03-24T16:00:10+00:00;41;
2026-03-24T16:03:16+00:00;38;
2026-03-24T16:07:15+00:00;34;
2026-03-24T16:11:15+00:00;30;
2026-03-24T16:13:20+00:00;0;
2026-03-24T16:20:00+00:00;0;
2026-03-24T16:20:01+00:00;25;
2026-03-25T07:04:47+00:00;0;
2026-03-25T07:07:16+00:00;0;
2026-03-25T07:07:17+00:00;40;
2026-03-25T10:07:55+00:00;0;
2026-03-25T10:17:44+00:00;0;
2026-03-25T10:17:45+00:00;47;
2026-03-25T11:15:06+00:00;46;
2026-03-25T11:19:12+00:00;42;
2026-03-25T11:22:06+00:00;39;
2026-03-25T11:28:06+00:00;33;
2026-03-25T11:29:07+00:00;32;
2026-03-25T11:33:07+00:00;28;
2026-03-25T11:35:07+00:00;26;
2026-03-25T13:11:01+00:00;0;
2026-03-25T13:17:46+00:00;0;
2026-03-25T13:17:47+00:00;25;
2026-03-25T15:00:40+00:00;25;
2026-03-25T15:00:41+00:00;30;
2026-03-25T15:02:40+00:00;30;
2026-03-25T15:02:41+00:00;50;
2026-03-25T15:03:41+00:00;59;
2026-03-25T15:11:40+00:00;62;
2026-03-25T15:36:21+00:00;60;
2026-03-25T15:39:21+00:00;57;
2026-03-25T15:42:37+00:00;54;
2026-03-25T15:49:38+00:00;47;
2026-03-25T15:51:37+00:00;45;
2026-03-25T15:54:38+00:00;42;
2026-03-25T15:58:38+00:00;38;
2026-03-25T16:05:38+00:00;31;
2026-03-25T16:09:38+00:00;27;
2026-03-25T16:14:48+00:00;0;
2026-03-25T16:16:52+00:00;0;
2026-03-25T16:16:53+00:00;40;
2026-03-25T19:17:56+00:00;0;
2026-03-25T19:19:56+00:00;40;
2026-03-25T19:57:24+00:00;26;
2026-03-25T20:38:03+00:00;30;
2026-03-25T22:03:33+00:00;30;
2026-03-25T22:21:14+00:00;0;
2026-03-25T22:23:13+00:00;0;
2026-03-25T22:23:14+00:00;40;
2026-03-25T22:36:29+00:00;28;
2026-03-25T23:25:56+00:00;27;
2026-03-26T01:11:59+00:00;27;
2026-03-26T01:12:00+00:00;31;
2026-03-26T01:24:32+00:00;0;
2026-03-26T01:26:36+00:00;0;
2026-03-26T01:26:37+00:00;40;
2026-03-26T01:49:04+00:00;33;
2026-03-26T02:14:14+00:00;37;
2026-03-26T02:29:10+00:00;39;
2026-03-26T02:44:37+00:00;41;
2026-03-26T02:52:56+00:00;0;
2026-03-26T02:54:59+00:00;0;
2026-03-26T02:55:00+00:00;40;
2026-03-26T03:28:13+00:00;45;
2026-03-26T03:51:55+00:00;0;
2026-03-26T03:53:53+00:00;0;
2026-03-26T03:53:54+00:00;40;
2026-03-26T04:07:04+00:00;40;
2026-03-26T04:07:05+00:00;46;
2026-03-26T04:42:32+00:00;42;
2026-03-26T04:56:33+00:00;40;
2026-03-26T05:14:17+00:00;0;
2026-03-26T05:16:22+00:00;0;
2026-03-26T05:16:23+00:00;40;
2026-03-26T05:44:51+00:00;37;
2026-03-26T05:47:46+00:00;42;
2026-03-26T05:49:09+00:00;42;
2026-03-26T05:49:10+00:00;57;
2026-03-26T05:50:10+00:00;57;
2026-03-26T05:50:11+00:00;66;
2026-03-26T05:51:11+00:00;76;
2026-03-26T05:51:41+00:00;81;
2026-03-26T06:20:01+00:00;80;
2026-03-26T06:25:05+00:00;77;
2026-03-26T06:27:06+00:00;75;
2026-03-26T06:30:07+00:00;72;
2026-03-26T06:34:06+00:00;68;
2026-03-26T06:36:28+00:00;66;
2026-03-26T06:38:28+00:00;64;
2026-03-26T06:42:28+00:00;60;
2026-03-26T06:43:28+00:00;59;
2026-03-26T06:49:28+00:00;53;
2026-03-26T06:53:24+00:00;49;
2026-03-26T06:55:29+00:00;47;
2026-03-26T06:57:28+00:00;45;
2026-03-26T07:01:29+00:00;41;
2026-03-26T07:03:28+00:00;39;
2026-03-26T07:08:29+00:00;34;
2026-03-26T07:12:48+00:00;0;
2026-03-26T07:15:17+00:00;0;
2026-03-26T07:15:18+00:00;40;
2026-03-26T08:02:31+00:00;29;
2026-03-26T08:06:11+00:00;25;
